SAMPA;p;b;t;d;k;g;?;m;n;N;f;v;s;z;S;Z;C;j;x;R;h;r;R\;l;i;y;I;Y;e;2;E;9;a;u;U;o;O;@;6;
;[p;[b;[t;[d;[k;[ɡ;[ʔ;[m;[n;[ŋ;[f;[v;[s;[z;[ʃ;[ʒ;[ç;[j;[x;[ʁ;[h;[r;[R;[l;[i;[y;[ɪ;[ʏ;[e;[ø;[ɛ;[œ;[a;[u;[ʊ;[o;[ɔ;[ə;[ɐ;[_
p];;[bp];;[dp];;[ɡp];[ʔp];;;;;[vp];;[zp];;[ʒp];;[jp];;[ʁp];[hp];;;;;;;;;;;;;;;;;;;
b];;[bb];;[db];;[ɡb];[ʔb];;;;;[vb];;[zb];;[ʒb];;[jb];;[ʁb];[hb];;;;;;;;;;;;;;;;;;;
t];;[bt];;[dt];;[ɡt];[ʔt];;;;;[vt];;[zt];;[ʒt];;[jt];;[ʁt];[ht];;;;;;;;;;;;;;;;;;;
d];;[bd];;;;[ɡd];[ʔd];;;;;[vd];;[zd];;[ʒd];;[jd];;[ʁd];[hd];;;;;;;;;;;;;;;;;;;
k];;[bk];;[dk];;[ɡk];[ʔk];;;;;[vk];;[zk];;[ʒk];;[jk];;[ʁk];[hk];;;;;;;;;;;;;;;;;;;
ɡ];;[bɡ];;[dɡ];;;[ʔɡ];;;;;[vɡ];;[zɡ];;[ʒɡ];;[jɡ];;[ʁɡ];[hɡ];;;;;;;;;;;;;;;;;;;
ʔ];;[bʔ];;[dʔ];;[ɡʔ];[ʔʔ];;;;;[vʔ];;[zʔ];;[ʒʔ];;[jʔ];;[ʁʔ];[hʔ];;;;;;;;;;;;;;;;;;;
m];;;;;;;[ʔm];;;;;[vm];;;;[ʒm];;[jm];;[ʁm];;;;;;;;;;;;;;;;;;;;
n];;;;;;;[ʔn];;;;;;;;;;;[jn];;[ʁn];[hn];;;;;;;;;;;;;;;;;;;
ŋ];[pŋ];[bŋ];[tŋ];[dŋ];;;[ʔŋ];[mŋ];[nŋ];;[fŋ];[vŋ];[sŋ];[zŋ];[ʃŋ];[ʒŋ];[çŋ];[jŋ];;[ʁŋ];[hŋ];[rŋ];[Rŋ];[lŋ];;;;;;;;;;;;;;;;[_ŋ]
f];;[bf];;;;[ɡf];[ʔf];;;;;[vf];;[zf];;[ʒf];;[jf];;[ʁf];[hf];;;;;;;;;;;;;;;;;;;
v];;[bv];;[dv];;;[ʔv];;;;;[vv];;[zv];;[ʒv];;[jv];;[ʁv];[hv];;;;;;;;;;;;;;;;;;;
s];;[bs];;[ds];;[ɡs];[ʔs];;;;;[vs];;[zs];;[ʒs];;[js];;[ʁs];[hs];;;;;;;;;;;;;;;;;;;
z];;[bz];;[dz];;[ɡz];[ʔz];;;;;[vz];;[zz];;[ʒz];;[jz];;[ʁz];[hz];;;;;;;;;;;;;;;;;;;
ʃ];;[bʃ];;[dʃ];;[ɡʃ];[ʔʃ];;;;;[vʃ];;[zʃ];;[ʒʃ];;[jʃ];;[ʁʃ];[hʃ];;;;;;;;;;;;;;;;;;;
ʒ];;[bʒ];;;;[ɡʒ];[ʔʒ];;;;;[vʒ];;[zʒ];;[ʒʒ];;[jʒ];;[ʁʒ];[hʒ];;;;;;;;;;;;;;;;;;;
ç];;[bç];;[dç];;[ɡç];[ʔç];;;;;[vç];;[zç];;[ʒç];[çç];[jç];;[ʁç];[hç];;;;;;;;;;;;;[uç];[ʊç];;[ɔç];;;
j];;;;;;;[ʔj];;;;;;;;;[ʒj];;[jj];;[ʁj];[hj];;;;;;;;;;;;;;;;;;;
x];;[bx];;[dx];;[ɡx];[ʔx];;;;;[vx];;[zx];;[ʒx];[çx];[jx];[xx];[ʁx];[hx];[rx];[Rx];[lx];[ix];[yx];[ɪx];[ʏx];[ex];[øx];[ɛx];[œx];;;;;;;;
ʁ];[pʁ];[bʁ];[tʁ];[dʁ];[kʁ];[ɡʁ];[ʔʁ];[mʁ];[nʁ];[ŋʁ];[fʁ];[vʁ];[sʁ];[zʁ];[ʃʁ];[ʒʁ];[çʁ];[jʁ];[xʁ];[ʁʁ];[hʁ];[rʁ];[Rʁ];[lʁ];[iʁ];[yʁ];[ɪʁ];[ʏʁ];[eʁ];[øʁ];[ɛʁ];[œʁ];[aʁ];[uʁ];[ʊʁ];[oʁ];[ɔʁ];[əʁ];[ɐʁ];[_ʁ]
h];;[bh];;[dh];;[ɡh];[ʔh];;;;;[vh];;[zh];;[ʒh];;[jh];;[ʁh];[hh];;;;;;;;;;;;;;;;;;;
r];;;;;;;[ʔr];;;;;;;[zr];;[ʒr];;[jr];;[ʁr];[hr];;[Rr];;;;;;;;;;;;;;;;;
R];;;;;;;[ʔR];;;;;;;[zR];;[ʒR];;[jR];;[ʁR];[hR];[rR];;;;;;;;;;;;;;;;;;
l];;;;;;;[ʔl];;;;;;;;;[ʒl];;[jl];;[ʁl];[hl];;;;;;;;;;;;;;;;;;;
i];;;;;;;;;;;;;;;;;;;;[ʁi];;;;;[ii];[yi];[ɪi];[ʏi];[ei];[øi];[ɛi];[œi];[ai];[ui];[ʊi];[oi];[ɔi];[əi];[ɐi];
y];;;;;;;;;;;;;;;;;;;;[ʁy];;;;;[iy];[yy];[ɪy];[ʏy];[ey];[øy];[ɛy];[œy];[ay];[uy];[ʊy];[oy];[ɔy];[əy];[ɐy];
ɪ];;;;;;;;;;;;;;;;;;;;[ʁɪ];;;;;[iɪ];[yɪ];[ɪɪ];[ʏɪ];[eɪ];[øɪ];;[œɪ];;[uɪ];;[oɪ];;[əɪ];[ɐɪ];
ʏ];;;;;;;;;;;;;;;;;;;;[ʁʏ];;;;;[iʏ];[yʏ];[ɪʏ];[ʏʏ];[eʏ];[øʏ];[ɛʏ];[œʏ];[aʏ];[uʏ];;[oʏ];;[əʏ];[ɐʏ];
e];;;;;;;;;;;;;;;;;;;;[ʁe];;;;;[ie];[ye];[ɪe];[ʏe];[ee];[øe];[ɛe];[œe];[ae];[ue];[ʊe];[oe];[ɔe];[əe];[ɐe];
ø];;;;;;;;;;;;;;;;;;;;[ʁø];;;;;[iø];[yø];[ɪø];[ʏø];[eø];[øø];[ɛø];[œø];[aø];[uø];[ʊø];[oø];[ɔø];[əø];[ɐø];
ɛ];;;;;;;;;;;;;;;;;;;;[ʁɛ];;;;;[iɛ];[yɛ];[ɪɛ];[ʏɛ];[eɛ];[øɛ];[ɛɛ];[œɛ];[aɛ];[uɛ];[ʊɛ];[oɛ];[ɔɛ];[əɛ];[ɐɛ];
œ];;;;;;;;;;;;;;;;;;;;[ʁœ];;;;;[iœ];[yœ];[ɪœ];[ʏœ];[eœ];[øœ];[ɛœ];[œœ];[aœ];[uœ];[ʊœ];[oœ];[ɔœ];[əœ];[ɐœ];
a];;;;;;;;;;;;;;;;;;;;[ʁa];;;;;[ia];[ya];[ɪa];[ʏa];[ea];[øa];[ɛa];[œa];[aa];[ua];[ʊa];[oa];[ɔa];[əa];[ɐa];
u];;;;;;;;;;;;;;;;;;;;[ʁu];;;;;[iu];[yu];[ɪu];[ʏu];[eu];[øu];[ɛu];[œu];[au];[uu];[ʊu];[ou];[ɔu];[əu];[ɐu];
ʊ];;;;;;;;;;;;;;;;;;;;[ʁʊ];;;;;[iʊ];[yʊ];[ɪʊ];[ʏʊ];[eʊ];[øʊ];[ɛʊ];[œʊ];;[uʊ];[ʊʊ];[oʊ];[ɔʊ];[əʊ];[ɐʊ];
o];;;;;;;;;;;;;;;;;;;;[ʁo];;;;;[io];[yo];[ɪo];[ʏo];[eo];[øo];[ɛo];[œo];[ao];[uo];[ʊo];[oo];[ɔo];[əo];[ɐo];
ɔ];;;;;;;;;;;;;;;;;;;;[ʁɔ];;;;;[iɔ];[yɔ];[ɪɔ];[ʏɔ];[eɔ];[øɔ];[ɛɔ];[œɔ];[aɔ];[uɔ];[ʊɔ];[oɔ];[ɔɔ];[əɔ];[ɐɔ];
ə];;;;;;;;;;;;;;;;;;;;[ʁə];;;;;[iə];[yə];[ɪə];[ʏə];[eə];[øə];[ɛə];[œə];[aə];[uə];[ʊə];[oə];[ɔə];[əə];[ɐə];
ɐ];;;;;;;;;;;;;;;;;;;;[ʁɐ];;;;;;;;;;;;;;;;;;[əɐ];[ɐɐ];[_ɐ]
_];;[b_];;[d_];;[ɡ_];[ʔ_];;;;;;;[z_];;;;[j_];;[ʁ_];[h_];;;;;;;[ʏ_];;;;;;;;;;;;[__]