;[i;[y;[ɪ;[ʏ;[e;[ø;[ɛ;[œ;[a;[u;[ʊ;[o;[ɔ;[ə;[ɐ
i];„variieren“;„Myiasis“;;;„Dei“;„Almöhi“;„Dei“ (Däi“);;„naiv“;„Spiritui“;;„Android“;;;
y];;;;;die Idee üben;„mit dem Queue üben“;;;das Ja üben;das Du üben;;;;;
ɪ];„viehisch“;„frühisch“;;;„unterseeisch“;„skandalöisch“;„ägäisch“;;„archaisch“;„Linguist“;;„heroisch“;;„Hände in“;„Herrscher im Bad“
ʏ];;;;;„reüssieren“;hol den Kö, Ülla;;;sag Ja, Ülla;sag Du, Ülla;;;;;
e];„Dies irae“;;;;;„Amöeder“;;;„Israel“ (lang);„Amuem“;;„Poesie“;;;„Steuerelend“
ø];„luxuriös“;;;;die Idee ölen;;;;das Ja ölen;„skandaluös“;;„Proömium“;;;
ɛ];„Requiem“;„Hyäne“;engl. „reenter“;;„eae“;„den Kö ärgern“;;;„Israel“ (kurz);„Duell“;;;;„beengen“;„Lehrer ähnlich“
œ];;;;;die Idee öffnen;den Kö öffnen;;;das Ja öffnen;das Du öffnen;;;;;
a];„Liane“;„Hüa!“;„Serialisierung“;;„Beate“;„Homöat“;"„Pangäa""";;;„tuam“;;„Noah“;;„keine Ahnung“;„Kinderarzt“
u];„aliud“;;;;„Aleuten“;hol den Kö, Udo;;;„Alauten“;;;;;;
ʊ];„Pius“;„Amyus“;;;„Deus“;„Amöus“;„Trochäus“;;„Emmaus“;„tuum“;„Verdauung“;„Drohung“;;„buchte um“;„Feuer und“
o];„grandios“;„Myopie“;;;„Deo“;„Homöopath“;„äolisch“;;„Aorist“;„tuos“;;„zoologisch“;;„beobachten“;
ɔ];„Lion“;„Apollyon“;;;„Leon“;„Homöos“;„Äolsharfe“;;„Chaos“;„Muon“;;;„zoon“;„der kleine Otto“;„Lehrer Otto“
ə];„siehe“;„Frühe“;„schneien“;;„Ehe“;"„Höhe""";„Krähe“;;„Rahe“;„Schuhe“;„verdauen“;„Lohe“;;;
ɐ];„Erzieher“;„früher“;„Feier“;„Feuer“;„eher“;„höher“;„Manichäer“;;„Anaer“;„Buher“;„Dauer“;„froher“;;;