SAMPA;p;b;t;d;k;g;?;m;n;N;f;v;s;z;S;Z;C;j;x;R;h;r;R\;l;i;y;I;Y;e;2;E;9;a;u;U;o;O;@;6;
;[p;[b;[t;[d;[k;[ɡ;[ʔ;[m;[n;[ŋ;[f;[v;[s;[z;[ʃ;[ʒ;[ç;[j;[x;[ʁ;[h;[r;[R;[l;[i;[y;[ɪ;[ʏ;[e;[ø;[ɛ;[œ;[a;[u;[ʊ;[o;[ɔ;[ə;[ɐ;[_
p];[pp];[bp];[tp];[dp];[kp];[ɡp];[ʔp];[mp];[np];[ŋp];[fp];[vp];[sp];[zp];[ʃp];[ʒp];[çp];[jp];[xp];[ʁp];[hp];[rp];[Rp];[lp];[ip];[yp];[ɪp];[ʏp];[ep];[øp];[ɛp];[œp];[ap];[up];[ʊp];[op];[ɔp];[əp];[ɐp];[_p]
b];[pb];[bb];[tb];[db];[kb];[ɡb];[ʔb];[mb];[nb];[ŋb];[fb];[vb];[sb];[zb];[ʃb];[ʒb];[çb];[jb];[xb];[ʁb];[hb];[rb];[Rb];[lb];[ib];[yb];[ɪb];[ʏb];[eb];[øb];[ɛb];[œb];[ab];[ub];[ʊb];[ob];[ɔb];[əb];[ɐb];[_b]
t];[pt];[bt];[tt];[dt];[kt];[ɡt];[ʔt];[mt];[nt];[ŋt];[ft];[vt];[st];[zt];[ʃt];[ʒt];[çt];[jt];[xt];[ʁt];[ht];[rt];[Rt];[lt];[it];[yt];[ɪt];[ʏt];[et];[øt];[ɛt];[œt];[at];[ut];[ʊt];[ot];[ɔt];[ət];[ɐt];[_t]
d];[pd];[bd];[td];[dd];[kd];[ɡd];[ʔd];[md];[nd];[ŋd];[fd];[vd];[sd];[zd];[ʃd];[ʒd];[çd];[jd];[xd];[ʁd];[hd];[rd];[Rd];[ld];[id];[yd];[ɪd];[ʏd];[ed];[ød];[ɛd];[œd];[ad];[ud];[ʊd];[od];[ɔd];[əd];[ɐd];[_d]
k];[pk];[bk];[tk];[dk];[kk];[ɡk];[ʔk];[mk];[nk];[ŋk];[fk];[vk];[sk];[zk];[ʃk];[ʒk];[çk];[jk];[xk];[ʁk];[hk];[rk];[Rk];[lk];[ik];[yk];[ɪk];[ʏk];[ek];[øk];[ɛk];[œk];[ak];[uk];[ʊk];[ok];[ɔk];[ək];[ɐk];[_k]
ɡ];[pɡ];[bɡ];[tɡ];[dɡ];[kɡ];[ɡɡ];[ʔɡ];[mɡ];[nɡ];[ŋɡ];[fɡ];[vɡ];[sɡ];[zɡ];[ʃɡ];[ʒɡ];[çɡ];[jɡ];[xɡ];[ʁɡ];[hɡ];[rɡ];[Rɡ];[lɡ];[iɡ];[yɡ];[ɪɡ];[ʏɡ];[eɡ];[øɡ];[ɛɡ];[œɡ];[aɡ];[uɡ];[ʊɡ];[oɡ];[ɔɡ];[əɡ];[ɐɡ];[_ɡ]
ʔ];[pʔ];[bʔ];[tʔ];[dʔ];[kʔ];[ɡʔ];[ʔʔ];[mʔ];[nʔ];[ŋʔ];[fʔ];[vʔ];[sʔ];[zʔ];[ʃʔ];[ʒʔ];[çʔ];[jʔ];[xʔ];[ʁʔ];[hʔ];[rʔ];[Rʔ];[lʔ];[iʔ];[yʔ];[ɪʔ];[ʏʔ];[eʔ];[øʔ];[ɛʔ];[œʔ];[aʔ];[uʔ];[ʊʔ];[oʔ];[ɔʔ];[əʔ];[ɐʔ];[_ʔ]
m];[pm];[bm];[tm];[dm];[km];[ɡm];[ʔm];[mm];[nm];[ŋm];[fm];[vm];[sm];[zm];[ʃm];[ʒm];[çm];[jm];[xm];[ʁm];[hm];[rm];[Rm];[lm];[im];[ym];[ɪm];[ʏm];[em];[øm];[ɛm];[œm];[am];[um];[ʊm];[om];[ɔm];[əm];[ɐm];[_m]
n];[pn];[bn];[tn];[dn];[kn];[ɡn];[ʔn];[mn];[nn];[ŋn];[fn];[vn];[sn];[zn];[ʃn];[ʒn];[çn];[jn];[xn];[ʁn];[hn];[rn];[Rn];[ln];[in];[yn];[ɪn];[ʏn];[en];[øn];[ɛn];[œn];[an];[un];[ʊn];[on];[ɔn];[ən];[ɐn];[_n]
ŋ];[pŋ];[bŋ];[tŋ];[dŋ];[kŋ];[ɡŋ];[ʔŋ];[mŋ];[nŋ];[ŋŋ];[fŋ];[vŋ];[sŋ];[zŋ];[ʃŋ];[ʒŋ];[çŋ];[jŋ];[xŋ];[ʁŋ];[hŋ];[rŋ];[Rŋ];[lŋ];[iŋ];[yŋ];[ɪŋ];[ʏŋ];[eŋ];[øŋ];[ɛŋ];[œŋ];[aŋ];[uŋ];[ʊŋ];[oŋ];[ɔŋ];[əŋ];[ɐŋ];[_ŋ]
f];[pf];[bf];[tf];[df];[kf];[ɡf];[ʔf];[mf];[nf];[ŋf];[ff];[vf];[sf];[zf];[ʃf];[ʒf];[çf];[jf];[xf];[ʁf];[hf];[rf];[Rf];[lf];[if];[yf];[ɪf];[ʏf];[ef];[øf];[ɛf];[œf];[af];[uf];[ʊf];[of];[ɔf];[əf];[ɐf];[_f]
v];[pv];[bv];[tv];[dv];[kv];[ɡv];[ʔv];[mv];[nv];[ŋv];[fv];[vv];[sv];[zv];[ʃv];[ʒv];[çv];[jv];[xv];[ʁv];[hv];[rv];[Rv];[lv];[iv];[yv];[ɪv];[ʏv];[ev];[øv];[ɛv];[œv];[av];[uv];[ʊv];[ov];[ɔv];[əv];[ɐv];[_v]
s];[ps];[bs];[ts];[ds];[ks];[ɡs];[ʔs];[ms];[ns];[ŋs];[fs];[vs];[ss];[zs];[ʃs];[ʒs];[çs];[js];[xs];[ʁs];[hs];[rs];[Rs];[ls];[is];[ys];[ɪs];[ʏs];[es];[øs];[ɛs];[œs];[as];[us];[ʊs];[os];[ɔs];[əs];[ɐs];[_s]
z];[pz];[bz];[tz];[dz];[kz];[ɡz];[ʔz];[mz];[nz];[ŋz];[fz];[vz];[sz];[zz];[ʃz];[ʒz];[çz];[jz];[xz];[ʁz];[hz];[rz];[Rz];[lz];[iz];[yz];[ɪz];[ʏz];[ez];[øz];[ɛz];[œz];[az];[uz];[ʊz];[oz];[ɔz];[əz];[ɐz];[_z]
ʃ];[pʃ];[bʃ];[tʃ];[dʃ];[kʃ];[ɡʃ];[ʔʃ];[mʃ];[nʃ];[ŋʃ];[fʃ];[vʃ];[sʃ];[zʃ];[ʃʃ];[ʒʃ];[çʃ];[jʃ];[xʃ];[ʁʃ];[hʃ];[rʃ];[Rʃ];[lʃ];[iʃ];[yʃ];[ɪʃ];[ʏʃ];[eʃ];[øʃ];[ɛʃ];[œʃ];[aʃ];[uʃ];[ʊʃ];[oʃ];[ɔʃ];[əʃ];[ɐʃ];[_ʃ]
ʒ];[pʒ];[bʒ];[tʒ];[dʒ];[kʒ];[ɡʒ];[ʔʒ];[mʒ];[nʒ];[ŋʒ];[fʒ];[vʒ];[sʒ];[zʒ];[ʃʒ];[ʒʒ];[çʒ];[jʒ];[xʒ];[ʁʒ];[hʒ];[rʒ];[Rʒ];[lʒ];[iʒ];[yʒ];[ɪʒ];[ʏʒ];[eʒ];[øʒ];[ɛʒ];[œʒ];[aʒ];[uʒ];[ʊʒ];[oʒ];[ɔʒ];[əʒ];[ɐʒ];[_ʒ]
ç];[pç];[bç];[tç];[dç];[kç];[ɡç];[ʔç];[mç];[nç];[ŋç];[fç];[vç];[sç];[zç];[ʃç];[ʒç];[çç];[jç];[xç];[ʁç];[hç];[rç];[Rç];[lç];[iç];[yç];[ɪç];[ʏç];[eç];[øç];[ɛç];[œç];[aç];[uç];[ʊç];[oç];[ɔç];[əç];[ɐç];[_ç]
j];[pj];[bj];[tj];[dj];[kj];[ɡj];[ʔj];[mj];[nj];[ŋj];[fj];[vj];[sj];[zj];[ʃj];[ʒj];[çj];[jj];[xj];[ʁj];[hj];[rj];[Rj];[lj];[ij];[yj];[ɪj];[ʏj];[ej];[øj];[ɛj];[œj];[aj];[uj];[ʊj];[oj];[ɔj];[əj];[ɐj];[_j]
x];[px];[bx];[tx];[dx];[kx];[ɡx];[ʔx];[mx];[nx];[ŋx];[fx];[vx];[sx];[zx];[ʃx];[ʒx];[çx];[jx];[xx];[ʁx];[hx];[rx];[Rx];[lx];[ix];[yx];[ɪx];[ʏx];[ex];[øx];[ɛx];[œx];[ax];[ux];[ʊx];[ox];[ɔx];[əx];[ɐx];[_x]
ʁ];[pʁ];[bʁ];[tʁ];[dʁ];[kʁ];[ɡʁ];[ʔʁ];[mʁ];[nʁ];[ŋʁ];[fʁ];[vʁ];[sʁ];[zʁ];[ʃʁ];[ʒʁ];[çʁ];[jʁ];[xʁ];[ʁʁ];[hʁ];[rʁ];[Rʁ];[lʁ];[iʁ];[yʁ];[ɪʁ];[ʏʁ];[eʁ];[øʁ];[ɛʁ];[œʁ];[aʁ];[uʁ];[ʊʁ];[oʁ];[ɔʁ];[əʁ];[ɐʁ];[_ʁ]
h];[ph];[bh];[th];[dh];[kh];[ɡh];[ʔh];[mh];[nh];[ŋh];[fh];[vh];[sh];[zh];[ʃh];[ʒh];[çh];[jh];[xh];[ʁh];[hh];[rh];[Rh];[lh];[ih];[yh];[ɪh];[ʏh];[eh];[øh];[ɛh];[œh];[ah];[uh];[ʊh];[oh];[ɔh];[əh];[ɐh];[_h]
r];[pr];[br];[tr];[dr];[kr];[ɡr];[ʔr];[mr];[nr];[ŋr];[fr];[vr];[sr];[zr];[ʃr];[ʒr];[çr];[jr];[xr];[ʁr];[hr];[rr];[Rr];[lr];[ir];[yr];[ɪr];[ʏr];[er];[ør];[ɛr];[œr];[ar];[ur];[ʊr];[or];[ɔr];[ər];[ɐr];[_r]
R];[pR];[bR];[tR];[dR];[kR];[ɡR];[ʔR];[mR];[nR];[ŋR];[fR];[vR];[sR];[zR];[ʃR];[ʒR];[çR];[jR];[xR];[ʁR];[hR];[rR];[RR];[lR];[iR];[yR];[ɪR];[ʏR];[eR];[øR];[ɛR];[œR];[aR];[uR];[ʊR];[oR];[ɔR];[əR];[ɐR];[_R]
l];[pl];[bl];[tl];[dl];[kl];[ɡl];[ʔl];[ml];[nl];[ŋl];[fl];[vl];[sl];[zl];[ʃl];[ʒl];[çl];[jl];[xl];[ʁl];[hl];[rl];[Rl];[ll];[il];[yl];[ɪl];[ʏl];[el];[øl];[ɛl];[œl];[al];[ul];[ʊl];[ol];[ɔl];[əl];[ɐl];[_l]
i];[pi];[bi];[ti];[di];[ki];[ɡi];[ʔi];[mi];[ni];[ŋi];[fi];[vi];[si];[zi];[ʃi];[ʒi];[çi];[ji];[xi];[ʁi];[hi];[ri];[Ri];[li];[ii];[yi];[ɪi];[ʏi];[ei];[øi];[ɛi];[œi];[ai];[ui];[ʊi];[oi];[ɔi];[əi];[ɐi];[_i]
y];[py];[by];[ty];[dy];[ky];[ɡy];[ʔy];[my];[ny];[ŋy];[fy];[vy];[sy];[zy];[ʃy];[ʒy];[çy];[jy];[xy];[ʁy];[hy];[ry];[Ry];[ly];[iy];[yy];[ɪy];[ʏy];[ey];[øy];[ɛy];[œy];[ay];[uy];[ʊy];[oy];[ɔy];[əy];[ɐy];[_y]
ɪ];[pɪ];[bɪ];[tɪ];[dɪ];[kɪ];[ɡɪ];[ʔɪ];[mɪ];[nɪ];[ŋɪ];[fɪ];[vɪ];[sɪ];[zɪ];[ʃɪ];[ʒɪ];[çɪ];[jɪ];[xɪ];[ʁɪ];[hɪ];[rɪ];[Rɪ];[lɪ];[iɪ];[yɪ];[ɪɪ];[ʏɪ];[eɪ];[øɪ];[ɛɪ];[œɪ];[aɪ];[uɪ];[ʊɪ];[oɪ];[ɔɪ];[əɪ];[ɐɪ];[_ɪ]
ʏ];[pʏ];[bʏ];[tʏ];[dʏ];[kʏ];[ɡʏ];[ʔʏ];[mʏ];[nʏ];[ŋʏ];[fʏ];[vʏ];[sʏ];[zʏ];[ʃʏ];[ʒʏ];[çʏ];[jʏ];[xʏ];[ʁʏ];[hʏ];[rʏ];[Rʏ];[lʏ];[iʏ];[yʏ];[ɪʏ];[ʏʏ];[eʏ];[øʏ];[ɛʏ];[œʏ];[aʏ];[uʏ];[ʊʏ];[oʏ];[ɔʏ];[əʏ];[ɐʏ];[_ʏ]
e];[pe];[be];[te];[de];[ke];[ɡe];[ʔe];[me];[ne];[ŋe];[fe];[ve];[se];[ze];[ʃe];[ʒe];[çe];[je];[xe];[ʁe];[he];[re];[Re];[le];[ie];[ye];[ɪe];[ʏe];[ee];[øe];[ɛe];[œe];[ae];[ue];[ʊe];[oe];[ɔe];[əe];[ɐe];[_e]
ø];[pø];[bø];[tø];[dø];[kø];[ɡø];[ʔø];[mø];[nø];[ŋø];[fø];[vø];[sø];[zø];[ʃø];[ʒø];[çø];[jø];[xø];[ʁø];[hø];[rø];[Rø];[lø];[iø];[yø];[ɪø];[ʏø];[eø];[øø];[ɛø];[œø];[aø];[uø];[ʊø];[oø];[ɔø];[əø];[ɐø];[_ø]
ɛ];[pɛ];[bɛ];[tɛ];[dɛ];[kɛ];[ɡɛ];[ʔɛ];[mɛ];[nɛ];[ŋɛ];[fɛ];[vɛ];[sɛ];[zɛ];[ʃɛ];[ʒɛ];[çɛ];[jɛ];[xɛ];[ʁɛ];[hɛ];[rɛ];[Rɛ];[lɛ];[iɛ];[yɛ];[ɪɛ];[ʏɛ];[eɛ];[øɛ];[ɛɛ];[œɛ];[aɛ];[uɛ];[ʊɛ];[oɛ];[ɔɛ];[əɛ];[ɐɛ];[_ɛ]
œ];[pœ];[bœ];[tœ];[dœ];[kœ];[ɡœ];[ʔœ];[mœ];[nœ];[ŋœ];[fœ];[vœ];[sœ];[zœ];[ʃœ];[ʒœ];[çœ];[jœ];[xœ];[ʁœ];[hœ];[rœ];[Rœ];[lœ];[iœ];[yœ];[ɪœ];[ʏœ];[eœ];[øœ];[ɛœ];[œœ];[aœ];[uœ];[ʊœ];[oœ];[ɔœ];[əœ];[ɐœ];[_œ]
a];[pa];[ba];[ta];[da];[ka];[ɡa];[ʔa];[ma];[na];[ŋa];[fa];[va];[sa];[za];[ʃa];[ʒa];[ça];[ja];[xa];[ʁa];[ha];[ra];[Ra];[la];[ia];[ya];[ɪa];[ʏa];[ea];[øa];[ɛa];[œa];[aa];[ua];[ʊa];[oa];[ɔa];[əa];[ɐa];[_a]
u];[pu];[bu];[tu];[du];[ku];[ɡu];[ʔu];[mu];[nu];[ŋu];[fu];[vu];[su];[zu];[ʃu];[ʒu];[çu];[ju];[xu];[ʁu];[hu];[ru];[Ru];[lu];[iu];[yu];[ɪu];[ʏu];[eu];[øu];[ɛu];[œu];[au];[uu];[ʊu];[ou];[ɔu];[əu];[ɐu];[_u]
ʊ];[pʊ];[bʊ];[tʊ];[dʊ];[kʊ];[ɡʊ];[ʔʊ];[mʊ];[nʊ];[ŋʊ];[fʊ];[vʊ];[sʊ];[zʊ];[ʃʊ];[ʒʊ];[çʊ];[jʊ];[xʊ];[ʁʊ];[hʊ];[rʊ];[Rʊ];[lʊ];[iʊ];[yʊ];[ɪʊ];[ʏʊ];[eʊ];[øʊ];[ɛʊ];[œʊ];[aʊ];[uʊ];[ʊʊ];[oʊ];[ɔʊ];[əʊ];[ɐʊ];[_ʊ]
o];[po];[bo];[to];[do];[ko];[ɡo];[ʔo];[mo];[no];[ŋo];[fo];[vo];[so];[zo];[ʃo];[ʒo];[ço];[jo];[xo];[ʁo];[ho];[ro];[Ro];[lo];[io];[yo];[ɪo];[ʏo];[eo];[øo];[ɛo];[œo];[ao];[uo];[ʊo];[oo];[ɔo];[əo];[ɐo];[_o]
ɔ];[pɔ];[bɔ];[tɔ];[dɔ];[kɔ];[ɡɔ];[ʔɔ];[mɔ];[nɔ];[ŋɔ];[fɔ];[vɔ];[sɔ];[zɔ];[ʃɔ];[ʒɔ];[çɔ];[jɔ];[xɔ];[ʁɔ];[hɔ];[rɔ];[Rɔ];[lɔ];[iɔ];[yɔ];[ɪɔ];[ʏɔ];[eɔ];[øɔ];[ɛɔ];[œɔ];[aɔ];[uɔ];[ʊɔ];[oɔ];[ɔɔ];[əɔ];[ɐɔ];[_ɔ]
ə];[pə];[bə];[tə];[də];[kə];[ɡə];[ʔə];[mə];[nə];[ŋə];[fə];[və];[sə];[zə];[ʃə];[ʒə];[çə];[jə];[xə];[ʁə];[hə];[rə];[Rə];[lə];[iə];[yə];[ɪə];[ʏə];[eə];[øə];[ɛə];[œə];[aə];[uə];[ʊə];[oə];[ɔə];[əə];[ɐə];[_ə]
ɐ];[pɐ];[bɐ];[tɐ];[dɐ];[kɐ];[ɡɐ];[ʔɐ];[mɐ];[nɐ];[ŋɐ];[fɐ];[vɐ];[sɐ];[zɐ];[ʃɐ];[ʒɐ];[çɐ];[jɐ];[xɐ];[ʁɐ];[hɐ];[rɐ];[Rɐ];[lɐ];[iɐ];[yɐ];[ɪɐ];[ʏɐ];[eɐ];[øɐ];[ɛɐ];[œɐ];[aɐ];[uɐ];[ʊɐ];[oɐ];[ɔɐ];[əɐ];[ɐɐ];[_ɐ]
_];[p_];[b_];[t_];[d_];[k_];[ɡ_];[ʔ_];[m_];[n_];[ŋ_];[f_];[v_];[s_];[z_];[ʃ_];[ʒ_];[ç_];[j_];[x_];[ʁ_];[h_];[r_];[R_];[l_];[i_];[y_];[ɪ_];[ʏ_];[e_];[ø_];[ɛ_];[œ_];[a_];[u_];[ʊ_];[o_];[ɔ_];[ə_];[ɐ_];[__]