SAMPA;p;b;t;d;k;g;?;m;n;N;f;v;s;z;S;Z;C;j;x;R;h;r;R\;l;i;y;I;Y;e;2;E;9;a;u;U;o;O;@;6;;;;;;;;;;;;;;;;;
;[p;[b;[t;[d;[k;[ɡ;[ʔ;[m;[n;[ŋ;[f;[v;[s;[z;[ʃ;[ʒ;[ç;[j;[x;[ʁ;[h;[r;[R;[l;[i;[y;[ɪ;[ʏ;[e;[ø;[ɛ;[œ;[a;[u;[ʊ;[o;[ɔ;[ə;[ɐ;[_;;;;;;;;;;;;;;;;
p];[pp];;[tp];;[kp];;;[mp];[np];[ŋp];[fp];;[sp];;[ʃp];;[çp];;[xp];;;[rp];[Rp];[lp];[ip];[yp];[ɪp];[ʏp];[ep];[øp];[ɛp];[œp];[ap];[up];[ʊp];[op];[ɔp];[əp];[ɐp];[_p];;;;;;;;;;;;;;;;
b];[pb];;[tb];;[kb];;;[mb];[nb];[ŋb];[fb];;[sb];;[ʃb];;[çb];;[xb];;;[rb];[Rb];[lb];[ib];[yb];[ɪb];[ʏb];[eb];[øb];[ɛb];[œb];[ab];[ub];[ʊb];[ob];[ɔb];[əb];[ɐb];[_b];;;;;;;;;;;;;;;;
t];[pt];;[tt];;[kt];;;[mt];[nt];[ŋt];[ft];;[st];;[ʃt];;[çt];;[xt];;;[rt];[Rt];[lt];[it];[yt];[ɪt];[ʏt];[et];[øt];[ɛt];[œt];[at];[ut];[ʊt];[ot];[ɔt];[ət];[ɐt];[_t];;;;;;;;;;;;;;;;
d];[pd];;[td];[dd];[kd];;;[md];[nd];[ŋd];[fd];;[sd];;[ʃd];;[çd];;[xd];;;[rd];[Rd];[ld];[id];[yd];[ɪd];[ʏd];[ed];[ød];[ɛd];[œd];[ad];[ud];[ʊd];[od];[ɔd];[əd];[ɐd];[_d];;;;;;;;;;;;;;;;
k];[pk];;[tk];;[kk];;;[mk];[nk];[ŋk];[fk];;[sk];;[ʃk];;[çk];;[xk];;;[rk];[Rk];[lk];[ik];[yk];[ɪk];[ʏk];[ek];[øk];[ɛk];[œk];[ak];[uk];[ʊk];[ok];[ɔk];[ək];[ɐk];[_k];;;;;;;;;;;;;;;;
ɡ];[pɡ];;[tɡ];;[kɡ];[ɡɡ];;[mɡ];[nɡ];[ŋɡ];[fɡ];;[sɡ];;[ʃɡ];;[çɡ];;[xɡ];;;[rɡ];[Rɡ];[lɡ];[iɡ];[yɡ];[ɪɡ];[ʏɡ];[eɡ];[øɡ];[ɛɡ];[œɡ];[aɡ];[uɡ];[ʊɡ];[oɡ];[ɔɡ];[əɡ];[ɐɡ];[_ɡ];;;;;;;;;;;;;;;;
ʔ];[pʔ];;[tʔ];;[kʔ];;;[mʔ];[nʔ];[ŋʔ];[fʔ];;[sʔ];;[ʃʔ];;[çʔ];;[xʔ];;;[rʔ];[Rʔ];[lʔ];[iʔ];[yʔ];[ɪʔ];[ʏʔ];[eʔ];[øʔ];[ɛʔ];[œʔ];[aʔ];[uʔ];[ʊʔ];[oʔ];[ɔʔ];[əʔ];[ɐʔ];[_ʔ];;;;;;;;;;;;;;;;
m];[pm];[bm];[tm];[dm];[km];[ɡm];;[mm];[nm];[ŋm];[fm];;[sm];[zm];[ʃm];;[çm];;[xm];;[hm];[rm];[Rm];[lm];[im];[ym];[ɪm];[ʏm];[em];[øm];[ɛm];[œm];[am];[um];[ʊm];[om];[ɔm];[əm];[ɐm];[_m];;;;;;;;;;;;;;;;
n];[pn];[bn];[tn];[dn];[kn];[ɡn];;[mn];[nn];[ŋn];[fn];[vn];[sn];[zn];[ʃn];[ʒn];[çn];;[xn];;;[rn];[Rn];[ln];[in];[yn];[ɪn];[ʏn];[en];[øn];[ɛn];[œn];[an];[un];[ʊn];[on];[ɔn];[ən];[ɐn];[_n];;;;;;;;;;;;;;;;
ŋ];;;;;[kŋ];[ɡŋ];;;;[ŋŋ];;;;;;;;;[xŋ];;;;;;[iŋ];[yŋ];[ɪŋ];[ʏŋ];[eŋ];[øŋ];[ɛŋ];[œŋ];[aŋ];[uŋ];[ʊŋ];[oŋ];[ɔŋ];[əŋ];[ɐŋ];;;;;;;;;;;;;;;;;
f];[pf];;[tf];[df];[kf];;;[mf];[nf];[ŋf];[ff];;[sf];;[ʃf];;[çf];;[xf];;;[rf];[Rf];[lf];[if];[yf];[ɪf];[ʏf];[ef];[øf];[ɛf];[œf];[af];[uf];[ʊf];[of];[ɔf];[əf];[ɐf];[_f];;;;;;;;;;;;;;;;
v];[pv];;[tv];;[kv];[ɡv];;[mv];[nv];[ŋv];[fv];;[sv];;[ʃv];;[çv];;[xv];;;[rv];[Rv];[lv];[iv];[yv];[ɪv];[ʏv];[ev];[øv];[ɛv];[œv];[av];[uv];[ʊv];[ov];[ɔv];[əv];[ɐv];[_v];;;;;;;;;;;;;;;;
s];[ps];;[ts];;[ks];;;[ms];[ns];[ŋs];[fs];;[ss];;[ʃs];;[çs];;[xs];;;[rs];[Rs];[ls];[is];[ys];[ɪs];[ʏs];[es];[øs];[ɛs];[œs];[as];[us];[ʊs];[os];[ɔs];[əs];[ɐs];[_s];;;;;;;;;;;;;;;;
z];[pz];;[tz];;[kz];;;[mz];[nz];[ŋz];[fz];;[sz];;[ʃz];;[çz];;[xz];;;[rz];[Rz];[lz];[iz];[yz];[ɪz];[ʏz];[ez];[øz];[ɛz];[œz];[az];[uz];[ʊz];[oz];[ɔz];[əz];[ɐz];[_z];;;;;;;;;;;;;;;;
ʃ];[pʃ];;[tʃ];;[kʃ];;;[mʃ];[nʃ];[ŋʃ];[fʃ];;[sʃ];;[ʃʃ];;[çʃ];;[xʃ];;;[rʃ];[Rʃ];[lʃ];[iʃ];[yʃ];[ɪʃ];[ʏʃ];[eʃ];[øʃ];[ɛʃ];[œʃ];[aʃ];[uʃ];[ʊʃ];[oʃ];[ɔʃ];[əʃ];[ɐʃ];[_ʃ];;;;;;;;;;;;;;;;
ʒ];[pʒ];;[tʒ];[dʒ];[kʒ];;;[mʒ];[nʒ];[ŋʒ];[fʒ];;[sʒ];;[ʃʒ];;[çʒ];;[xʒ];;;[rʒ];[Rʒ];[lʒ];[iʒ];[yʒ];[ɪʒ];[ʏʒ];[eʒ];[øʒ];[ɛʒ];[œʒ];[aʒ];[uʒ];[ʊʒ];[oʒ];[ɔʒ];[əʒ];[ɐʒ];[_ʒ];;;;;;;;;;;;;;;;
ç];[pç];;[tç];;[kç];;;[mç];[nç];[ŋç];[fç];;[sç];;[ʃç];;;;[xç];;;[rç];[Rç];[lç];[iç];[yç];[ɪç];[ʏç];[eç];[øç];[ɛç];[œç];[aç];;;[oç];;[əç];[ɐç];[_ç];;;;;;;;;;;;;;;;
j];[pj];[bj];[tj];[dj];[kj];[ɡj];;[mj];[nj];[ŋj];[fj];[vj];[sj];[zj];[ʃj];;[çj];;[xj];;;[rj];[Rj];[lj];[ij];[yj];[ɪj];[ʏj];[ej];[øj];[ɛj];[œj];[aj];[uj];[ʊj];[oj];[ɔj];[əj];[ɐj];[_j];;;;;;;;;;;;;;;;
x];[px];;[tx];;[kx];;;[mx];[nx];[ŋx];[fx];;[sx];;[ʃx];;;;;;;;;;;;;;;;;;[ax];[ux];[ʊx];[ox];[ɔx];[əx];[ɐx];[_x];;;;;;;;;;;;;;;;
ʁ];;;;;;;;;;;;;;;;;;;;;;;;;;;;;;;;;;;;;;;;;;;;;;;;;;;;;;;;
h];[ph];;[th];;[kh];;;[mh];[nh];[ŋh];[fh];;[sh];;[ʃh];;[çh];;[xh];;;[rh];[Rh];[lh];[ih];[yh];[ɪh];[ʏh];[eh];[øh];[ɛh];[œh];[ah];[uh];[ʊh];[oh];[ɔh];[əh];[ɐh];[_h];;;;;;;;;;;;;;;;
r];[pr];[br];[tr];[dr];[kr];[ɡr];;[mr];[nr];[ŋr];[fr];[vr];[sr];;[ʃr];;[çr];;[xr];;;[rr];;[lr];[ir];[yr];[ɪr];[ʏr];[er];[ør];[ɛr];[œr];[ar];[ur];[ʊr];[or];[ɔr];[ər];[ɐr];[_r];;;;;;;;;;;;;;;;
R];[pR];[bR];[tR];[dR];[kR];[ɡR];;[mR];[nR];[ŋR];[fR];[vR];[sR];;[ʃR];;[çR];;[xR];;;;[RR];[lR];[iR];[yR];[ɪR];[ʏR];[eR];[øR];[ɛR];[œR];[aR];[uR];[ʊR];[oR];[ɔR];[əR];[ɐR];[_R];;;;;;;;;;;;;;;;
l];[pl];[bl];[tl];[dl];[kl];[ɡl];;[ml];[nl];[ŋl];[fl];[vl];[sl];[zl];[ʃl];;[çl];;[xl];;;[rl];[Rl];[ll];[il];[yl];[ɪl];[ʏl];[el];[øl];[ɛl];[œl];[al];[ul];[ʊl];[ol];[ɔl];[əl];[ɐl];[_l];;;;;;;;;;;;;;;;
i];[pi];[bi];[ti];[di];[ki];[ɡi];[ʔi];[mi];[ni];[ŋi];[fi];[vi];[si];[zi];[ʃi];[ʒi];[çi];[ji];[xi];;[hi];[ri];[Ri];[li];;;;;;;;;;;;;;;;[_i];;;;;;;;;;;;;;;;
y];[py];[by];[ty];[dy];[ky];[ɡy];[ʔy];[my];[ny];[ŋy];[fy];[vy];[sy];[zy];[ʃy];[ʒy];[çy];[jy];[xy];;[hy];[ry];[Ry];[ly];;;;;;;;;;;;;;;;[_y];;;;;;;;;;;;;;;;
ɪ];[pɪ];[bɪ];[tɪ];[dɪ];[kɪ];[ɡɪ];[ʔɪ];[mɪ];[nɪ];[ŋɪ];[fɪ];[vɪ];[sɪ];[zɪ];[ʃɪ];[ʒɪ];[çɪ];[jɪ];[xɪ];;[hɪ];[rɪ];[Rɪ];[lɪ];;;;;;;[ɛɪ];;[aɪ];;[ʊɪ];;[ɔɪ];;;[_ɪ];;;;;;;;;;;;;;;;
ʏ];[pʏ];[bʏ];[tʏ];[dʏ];[kʏ];[ɡʏ];[ʔʏ];[mʏ];[nʏ];[ŋʏ];[fʏ];[vʏ];[sʏ];[zʏ];[ʃʏ];[ʒʏ];[çʏ];[jʏ];[xʏ];;[hʏ];[rʏ];[Rʏ];[lʏ];;;;;;;;;;;[ʊʏ];;[ɔʏ];;;[_ʏ];;;;;;;;;;;;;;;;
e];[pe];[be];[te];[de];[ke];[ɡe];[ʔe];[me];[ne];[ŋe];[fe];[ve];[se];[ze];[ʃe];[ʒe];[çe];[je];[xe];;[he];[re];[Re];[le];;;;;;;;;;;;;;;;[_e];;;;;;;;;;;;;;;;
ø];[pø];[bø];[tø];[dø];[kø];[ɡø];[ʔø];[mø];[nø];[ŋø];[fø];[vø];[sø];[zø];[ʃø];[ʒø];[çø];[jø];[xø];;[hø];[rø];[Rø];[lø];;;;;;;;;;;;;;;;[_ø];;;;;;;;;;;;;;;;
ɛ];[pɛ];[bɛ];[tɛ];[dɛ];[kɛ];[ɡɛ];[ʔɛ];[mɛ];[nɛ];[ŋɛ];[fɛ];[vɛ];[sɛ];[zɛ];[ʃɛ];[ʒɛ];[çɛ];[jɛ];[xɛ];;[hɛ];[rɛ];[Rɛ];[lɛ];;;;;;;;;;;;;;;;[_ɛ];;;;;;;;;;;;;;;;
œ];[pœ];[bœ];[tœ];[dœ];[kœ];[ɡœ];[ʔœ];[mœ];[nœ];[ŋœ];[fœ];[vœ];[sœ];[zœ];[ʃœ];[ʒœ];[çœ];[jœ];[xœ];;[hœ];[rœ];[Rœ];[lœ];;;;;;;;;;;;;;;;[_œ];;;;;;;;;;;;;;;;
a];[pa];[ba];[ta];[da];[ka];[ɡa];[ʔa];[ma];[na];[ŋa];[fa];[va];[sa];[za];[ʃa];[ʒa];[ça];[ja];[xa];;[ha];[ra];[Ra];[la];;;;;;;;;;;;;;;;[_a];;;;;;;;;;;;;;;;
u];[pu];[bu];[tu];[du];[ku];[ɡu];[ʔu];[mu];[nu];[ŋu];[fu];[vu];[su];[zu];[ʃu];[ʒu];[çu];[ju];[xu];;[hu];[ru];[Ru];[lu];;;;;;;;;;;;;;;;[_u];;;;;;;;;;;;;;;;
ʊ];[pʊ];[bʊ];[tʊ];[dʊ];[kʊ];[ɡʊ];[ʔʊ];[mʊ];[nʊ];[ŋʊ];[fʊ];[vʊ];[sʊ];[zʊ];[ʃʊ];[ʒʊ];[çʊ];[jʊ];[xʊ];;[hʊ];[rʊ];[Rʊ];[lʊ];;;;;;;;;[aʊ];;;;;;;[_ʊ];;;;;;;;;;;;;;;;
o];[po];[bo];[to];[do];[ko];[ɡo];[ʔo];[mo];[no];[ŋo];[fo];[vo];[so];[zo];[ʃo];[ʒo];[ço];[jo];[xo];;[ho];[ro];[Ro];[lo];;;;;;;;;;;;;;;;[_o];;;;;;;;;;;;;;;;
ɔ];[pɔ];[bɔ];[tɔ];[dɔ];[kɔ];[ɡɔ];[ʔɔ];[mɔ];[nɔ];[ŋɔ];[fɔ];[vɔ];[sɔ];[zɔ];[ʃɔ];[ʒɔ];[çɔ];[jɔ];[xɔ];;[hɔ];[rɔ];[Rɔ];[lɔ];;;;;;;;;;;;;;;;[_ɔ];;;;;;;;;;;;;;;;
ə];[pə];[bə];[tə];[də];[kə];[ɡə];[ʔə];[mə];[nə];[ŋə];[fə];[və];[sə];[zə];[ʃə];[ʒə];[çə];[jə];[xə];;[hə];[rə];[Rə];[lə];;;;;;;;;;;;;;;;[_ə];;;;;;;;;;;;;;;;
ɐ];[pɐ];[bɐ];[tɐ];[dɐ];[kɐ];[ɡɐ];[ʔɐ];[mɐ];[nɐ];[ŋɐ];[fɐ];[vɐ];[sɐ];[zɐ];[ʃɐ];[ʒɐ];[çɐ];[jɐ];[xɐ];;[hɐ];[rɐ];[Rɐ];[lɐ];[iɐ];[yɐ];[ɪɐ];[ʏɐ];[eɐ];[øɐ];[ɛɐ];[œɐ];[aɐ];[uɐ];[ʊɐ];[oɐ];[ɔɐ];;;;;;;;;;;;;;;;;;;
_];[p_];;[t_];;[k_];;;[m_];[n_];[ŋ_];[f_];[v_];[s_];;[ʃ_];[ʒ_];[ç_];;[x_];;;[r_];[R_];[l_];[i_];[y_];[ɪ_];;[e_];[ø_];[ɛ_];[œ_];[a_];[u_];[ʊ_];[o_];[ɔ_];[ə_];[ɐ_];;;;;;;;;;;;;;;;;
